,final_nav,nav_std,inventory_mean,inventory_std,inventory_abs_mean,client_fills,hedge_trades
hedging_dealer,1.6792999999999925,0.4628544104435691,-4.812045690550363,3.1804660202583914,5.144340602284528,210.0,54.0
pure_internalizer,5.8922000000000025,1.7977163110220824,-30.19730010384216,17.729854105173082,30.350986500519213,210.0,0.0
